Nr.;Anrede;Titel;Vorname;Nachname;Geburtsdatum;Straße;Hausnummer;Postleitzahl;Stadt;Telefon;Mobil;EMail;Newsletter
1;Frau;;Selma;Jandt;;Bruchermühlenstraße;35a;49401;Damme;05491/19292113;0153/3674358;selma.jandt@validmail.none;
2;Herr;;Wolfhard;Stoye;;Pützgracht;137;30938;Burgwedel;05139/49246924;0178/4391624;wolfhard-stoye@domain.none;
3;Herr;;Otbert;Noth;;Heinrich-Schlusnus-Straße;106;55413;Niederheimbach;;0170/4141422;o.noth@xyz.none;
4;k.A.;;Hansjochen;Leucht;;Benolper Straße;182;55765;Dambach;06782/87881574;;;
5;Herr;;Heinzwerner;Rohwedder;;Ripenhorst;9;55606;Bärweiler;06751/34012837;;heinzwerner_rohwedder@ultramail.none;
6;Frau;;Martha;Thalmann;;Einsteinstraße;75 a;66892;Bruchmühlbach-Miesau;06372/77117833;;;ja
7;Herr;;Dethard;Elser;;Hemfeld;105;39418;Staßfurt;03925/25838772;;dethard-elser@ultramail.none;
8;Herr;;Corbinian;Röll;;Zur Alten Wiese;173;21709;Burweg;04144/73312201;0154/1256193;corbinianroell@net-mail.none;nein
9;Frau;;Hilde;Eisermann;;Mendener Straße;139;65594;Runkel;06482/6036898;0176/9604519;h.41@inter-mail.none;ja
10;Herr;;Ingowart;Wienand;;Sabergstraße;186;78585;Bubsheim;;0170/6864788;ingowart-wienand@hoster.none;
11;Herr;;Dieter;Knuth;;Brunnenweg;65;83362;Surberg;0861/65369038;0162/6180674;d.1998@anymail.none;
12;Herr;;Erhart;Kögler;;Kronenweg;131;73430;Aalen;07361/1845572;0170/3705207;erhartkoegler@goggle-mail.none;
13;Herr;;Bernfried;Letsch;;Driescheider Weg;67;25421;Pinneberg;;;bernfried_letsch@private.none;
14;Herr;;Detlev;Lober;18.11.1915;Dreyer Straße;142;64297;Darmstadt;;;detlev_lober@private.none;
15;Herr;;Runfried;Stewart;;Nachkamp;175;21755;Hechthausen;04774/8420158;0178/5535453;runfried.stewart@net-mail.none;
16;Frau;;Lotte;Willenborg;06.02.1979;Langendorfer Straße;54;24790;Rade;;0176/5925419;;ja
17;Frau;;Scholastika;Petrich;;Pastor-Sieverding-Straße;191;53557;Bad Hönningen;02635/94419968;;scholastika_60@inter-mail.none;nein
18;Frau;;Imke;Henkelmann;;Osterweg;185;19230;Strohkirchen;03883/90092045;0160/5427818;i.98@email.none;
19;Herr;;Edwin;Merx;;Linkenbacher Straße;164;83530;Schnaitsee;08074/46886761;0159/6482589;e-merx@mymail.none;
20;Herr;;Roger;Patz;;Hofgarten;69;86842;Türkheim;08245/98174107;;roger_patz@justmail.none;
21;Herr;;Klausdieter;Behler;;Spielbergweg;124 b;60439;Frankfurt am Main;;0153/4542040;klausdieter-behler@bestmail.none;nein
22;Frau;;Rathgunde;Stern;;Steiler Weg;111;54413;Geisfeld;06503/74182328;0169/5840278;rathgunde-stern@net-mail.none;
23;Herr;;Karl;Röwer;;Mobilheimpark;43;25795;Weddingstedt;0481/30851935;0168/9828478;karlroewer@justmail.none;
24;Herr;;Edgar;Kath;;Hammerstraße;176;32694;Dörentrup;05265/49956718;0166/9983134;e_kath@xyz.none;ja
25;Herr;;Konradin;Wheeler;;Max-Beckmann-Straße;86b;78259;Mühlhausen-Ehingen;07733/66794626;0167/6243520;konradin_1913@validmail.none;
26;Frau;;Louisa;Becht;;Elsässer Straße;30;72358;Dormettingen;07427/94019389;0164/2021816;louisa_10@domain.none;ja
27;Herr;;Tino;Witzmann;;Im Born;169;67149;Meckenheim;06326/91249146;0179/9502773;tino_witzmann@validmail.none;ja
28;Frau;;Adolfa;Carl;28.11.1944;Karlstadter Straße;69;65623;Hahnstätten;06430/78633439;0160/4576224;adolfa-carl@open-mail.none;
29;Herr;;Humbert;Jurk;23.10.1922;Burggrafstraße;185;23847;Bliestorf;04501/77632357;0177/1626963;humbert.jurk@inter-mail.none;
30;Herr;;Felix;Holze;;Schwalbenstraße;190 b;55483;Kappel;06763/9365351;;f.holze@spam-mail.none;
31;Frau;;Adelinde;Feller;14.08.1965;Seitenstraße;115;66989;Höheinöd;06333/22208228;;adelindefeller@domain.none;ja
32;Frau;;Elisa;Feldmeier;17.07.2011;Am Nubbenberg;36 b;56754;Brohl;02672/86064820;0163/5758680;elisa_feldmeier@email.none;ja
33;k.A.;;Vincent;Kranz;;Dietrichstraße;116;53604;Bad Honnef;;0155/4792916;vincent_kranz@goggle-mail.none;
34;Frau;;Cora;Hoos;;Vierbühlstraße;80;90469;Nürnberg;;0157/7590454;;
35;k.A.;;Jason;Remmel;;Oberweg;69;61200;Wölfersheim;06036/8237797;0179/6080808;;
36;Frau;;Uta;Bamberg;19.02.1941;Lindenbergstraße;22 b;78667;Hochwald;0741/64526085;0165/9023886;u.bamberg@live-mail.none;ja
37;Herr;Prof. Dr.;Frowin;Joseph;;Bachaue;190a;27313;Dörverden;04234/99254474;0161/6031908;f-joseph@private.none;
38;Frau;Dr.;Marietheres;Duran;;Linkenbacher Straße;74;92699;Bechtsrieth;;0175/6371263;marietheres-duran@live-mail.none;ja
39;Frau;;Burga;Mais;;Im Kirschengarten;97;72649;Wolfschlugen;07022/42886906;0163/5545270;burga-mais@bestmail.none;
40;k.A.;;Agatha;Harwardt;;In den Gruben;145;19230;Hagenow;03883/98261304;;agatha_13@email.none;
41;Herr;;Raimer;Marek;;In den Steinen;157;63785;Obernburg am Main;06022/34151250;;r.2016@quickmail.none;
42;k.A.;;Mischel;Thurn;;Im Weberling;166;23863;Kayhude;04535/87098316;0152/9533453;m-thurn@funmail.none;
43;Frau;;Alexa;Burghardt;;Börlinghausen;116;29594;Soltendieck;05874/98924423;0160/9165402;alexa.97@funmail.none;
44;Frau;;Philine;Detzel;;Arnulfusstraße;23;54647;Pickließem;06563/1979863;0179/6648406;;
45;Frau;;Regine;Böning;18.05.2015;Zum Röthchen;117;34277;Fuldabrück;0561/97118209;0160/1229897;regineboening@web.none;
46;Herr;;Innozenz;Sippel;;Kiwittstraße;158;56288;Hollnich;06762/94078311;;innozenz.sippel@xyz.none;
47;Herr;;Ruppert;Mullins;25.03.1919;Stieglitzweg;54;97261;Güntersleben;09365/88314829;0172/5894238;r-mullins@ultramail.none;ja
48;Frau;;Annakatrin;Siegrist;;Axtbachtal;178;85256;Vierkirchen;;;annakatrin.siegrist@web.none;ja
49;Herr;;Arwed;Kropp;18.02.2011;Am Kapellenberg;123;26524;Hage;04931/4352418;;arwed_kropp@quickmail.none;ja
50;Frau;;Ottilie;Tillack;;Steiler Weg;42;57413;Finnentrop;;0172/7777235;ottilietillack@validmail.none;
51;Frau;;Resi;Sobottka;;Osemundstraße;141;31621;Pennigsehl;05028/22678314;;resi_sobottka@private.none;
52;Frau;;Ilsemarie;Trummer;;Im Biewing;146;06528;Oberröblingen;03464/19286688;0165/1713926;ilsemarie.trummer@xyz.none;
53;k.A.;;Irena;Deichmann;;Allensteiner Straße;33;93189;Reichenbach;09464/5401761;0155/4941998;i-deichmann@anymail.none;
54;Frau;;Gunda;Goltz;;Roßberg;114;29549;Bad Bevensen;05821/46123329;0169/8037797;g.goltz@kitty.none;nein
55;Herr;;Willi;Bentz;;Linger Weg;142;27336;Frankenfeld;05165/72810566;0153/7574723;willibentz@web.none;nein
56;Herr;;Ruthard;Sahm;;Langenauer Straße;158;69226;Nußloch;06224/7990885;;r-sahm@quickmail.none;
57;Herr;;Ekkehard;Heep;18.03.1985;Auf dem Driesch;55;26529;Leezdorf;;;ekkehard-heep@spam-mail.none;
58;k.A.;;Alexander;Blaser;;Eversumer Straße;123;64407;Fränkisch-Crumbach;06164/71452532;0153/2204897;alexander-blaser@kitty.none;
59;Herr;Dr.;Otger;Höfling;14.09.1989;Schladeberg;142;57632;Kescheid;02685/99278224;;o-hoefling@private.none;
60;Herr;;German;Kral;;Schützendelle;178;21502;Hamwarde;;0156/6577069;;
61;k.A.;;Grimbert;Spreng;16.07.1965;Römerallee;35;31073;Delligsen;05187/75876424;0161/5624319;;
62;k.A.;;Friedolf;Rütz;;Schiersteiner Straße;164;25779;Glüsing;04836/58638597;0161/7145419;f.46@validmail.none;
63;Herr;;Friedlieb;Ralf;;Bendenstraße;188c;39638;Potzehne;03907/84529170;;;
64;Frau;;Ilsetraud;Gass;27.06.2001;Enscheder Straße;22;15230;Frankfurt;;0156/1949076;ilsetraud_gass@kitty.none;
65;Herr;;Fried;Helmbrecht;;Am Grünewald;80;67259;Heuchelheim;;;fried24@validmail.none;ja
66;Herr;;Sascha;Jungermann;;Hirzener Straße;107;89143;Blaubeuren;;0165/3303365;s_jungermann@net-mail.none;
67;Herr;;Gundhard;Stubenrauch;02.07.1994;Rotsteiner Straße;131;76646;Bruchsal;07251/35288877;0159/5446124;gundhardstubenrauch@trashmail.none;ja
68;Frau;;Annemirl;Löbel;25.02.1968;Birkenbachstraße;180;54313;Zemmer;06580/64750723;0151/6024946;annemirl_loebel@live-mail.none;
69;Frau;;Jenny;Barthelmes;;Bierstraße;104;59368;Werne;02389/98495265;0153/2268600;jenny.barthelmes@bestmail.none;ja
70;Herr;;Edmar;Kwiatkowski;;Boom;194;67737;Frankelbach;06301/47184315;;e.1963@company.none;ja
71;Herr;;Peter;Stummer;;Wehlstrift;144;31699;Beckedorf;05725/65119728;0172/8707112;peter-stummer@net-mail.none;ja
72;Herr;;Freimut;Hornstein;26.12.1987;Kettwiger Straße;150;16775;Stechlin;03306/34644573;;freimut.hornstein@goggle-mail.none;
73;Herr;;Diethelm;Unkelbach;28.10.1972;Westfalenstraße;199;38479;Tappenbeck;;0156/1939710;;ja
74;Frau;;Clarissa;Gronau;;Am Marienhain;198;63920;Großheubach;09371/95624572;0165/6075885;clarissa1939@goggle-mail.none;
75;Frau;;Anne;Hinkel;;Am Berg;171;44289;Dortmund;0231/94898997;0163/8734416;a-99@live-mail.none;
76;k.A.;;Hermelinda;Geyer;;Berliner Höhe;64c;74182;Obersulm;07130/83285394;;hermelinda.geyer@funmail.none;
77;Herr;;Rigbert;Rest;;Fritz-Erler-Straße;52;36157;Ebersburg;06656/43714232;0161/7263008;;ja
78;Herr;;Lindmar;Pastor;31.01.2007;Hermannsweg;69a;56321;Rhens;02628/72213521;;lindmar-pastor@hoster.none;
79;Frau;;Kim;Söhl;;Lamertzweg;23;86842;Türkheim;08245/63624078;0171/4543171;kimsoehl@ultramail.none;
80;Frau;;Erica;Gockel;;Im Überdorf;97;25474;Bönningstedt;;;erica.gockel@company.none;
81;Herr;;Jasper;Chapman;;Grevener Damm;143;56290;Lütz;02672/76999794;0152/5331038;;nein
82;Frau;;Annemaria;Löscher;;Kavelocher Hof;19;17235;Neustrelitz;;0165/8944863;annemarialoescher@retromail.none;
83;Herr;;Heimfrid;Kreft;;Montargisstraße;4;56459;Gemünden;02663/46059933;0173/5949086;heimfrid_17@inter-mail.none;ja
84;Herr;;Egomar;Barnett;;Ferdinand-Lassalle-Weg;83;85122;Hitzhofen;08458/29666639;0174/3553104;;ja
85;Herr;;Leopold;Wilbert;;Kolberg-Körlin-Straße;191;24598;Heidmühlen;;0162/2402709;;
86;Herr;;Wingolf;Bohnsack;;Winterbergstraße;33;38110;Braunschweig;0531/73568792;;wingolfbohnsack@open-mail.none;
87;Frau;;Veronica;Wahl;;Wilkenheide;173;54426;Gräfendhron;06504/7371498;0155/9449923;;nein
88;Herr;;Ferhart;Ebbers;;Vor der Steinert;192;56825;Beuren;;;;
89;Herr;;Meinhart;Hudson;13.07.2016;Breekamp;95 c;90763;Fürth;0911/32658872;0178/8011446;meinhart.hudson@domain.none;
90;Frau;Dr.;Myrjam;Anke;;Ober dem Garten;131;71384;Weinstadt;07151/52902100;0164/7074176;manke@web.none;
91;Herr;;Michel;Limmer;;Engelbertusstraße;131;56479;Stein-Neukirch;02667/48944135;;michel-limmer@domain.none;
92;Herr;;Paul;Helfrich;29.06.2005;Leversum;109;80639;München;089/19881787;;paul_helfrich@live-mail.none;
93;Herr;;Hippolytus;Schabel;;Ladestraße;121;47495;Rheinberg;02843/77029639;;h-schabel@private.none;
94;Frau;;Rotraut;Mittendorf;22.09.1979;Reichenberger Straße;197;92272;Freudenberg;;0158/2816806;rotraut-mittendorf@funmail.none;
95;Herr;;Diethelm;Hanemann;;Rheinstraße;168;54456;Tawern;06501/62541468;0158/8686139;diethelm_hanemann@web.none;
96;Herr;;Achim;Jelinek;;Cäcilienstraße;172;86703;Rögling;09094/48737694;0156/5459382;achim.1973@kitty.none;ja
97;Herr;;Bonifaz;Hermes;;Johann-Strauß-Weg;46;37619;Pegestorf;05533/21666484;0168/9486324;bonifazhermes@goggle-mail.none;ja
98;Frau;;Reinhilde;Henker;;Weißenburgstraße;21;57580;Fensdorf;02747/21962927;0151/2801100;reinhilde1949@mymail.none;
99;Herr;;Wolfhard;Dahlem;;Sorpestraße;88;76889;Pleisweiler-Oberhofen;06343/20635234;0167/7036582;wolfhard2007@mymail.none;
100;Herr;;Burchard;Furch;;Hochsteinsiedlung;128;25938;Borgsum;04681/14143448;0164/9528949;burchard.1964@open-mail.none;
101;Frau;;Ingelotte;Spitzer;29.10.1947;Deisterstraße;52;29473;Göhrde;05862/94217447;0168/2917126;ingelotte-spitzer@spam-mail.none;ja
102;Frau;;Dore;Gietl;08.04.1989;Weilerweg;179;55122;Mainz am Rhein;06131/68051861;;;ja
103;Frau;;Anna;Seedorf;14.09.1904;Riedstraße;168;67756;Hinzweiler;06304/30495342;0169/6019843;anna_seedorf@open-mail.none;
104;Frau;;Ela;Jentsch;;Zum Barstein;113;57645;Nister;02662/19733535;0162/5243197;ela.jentsch@kitty.none;
105;Herr;;Hansjochen;Bezold;08.08.1921;Hamburger Allee;32;45665;Recklinghausen;02361/24366152;0152/1335703;hansjochenbezold@open-mail.none;
106;Herr;Dr.;Dietwald;Hagel;;Dermbachtal;147;64521;Groß-Gerau;06152/77152134;0167/3825497;dietwald_44@goggle-mail.none;
107;Frau;;Lya;Niehoff;;John-F.-Kennedy-Straße;148;71735;Eberdingen;07042/74010677;0172/1208432;l.niehoff@mymail.none;
108;Herr;;Bert;Denzel;;Am Wiesenrain;54a;56472;Stockhausen-Illfurth;02661/1868527;0170/9464502;b-61@domain.none;
109;Frau;;Liliane;Mehr;;Montessoristraße;108;34637;Schrecksbach;;0154/6922250;liliane-1919@inter-mail.none;
110;Herr;;Egbert;Blech;;Max-Planck-Straße;139;24647;Ehndorf;04321/59850959;0161/6079556;egbertblech@hoster.none;ja
111;Frau;;Heimtraud;Cordes;;Bayreuther Straße;20;06774;Pouch;03493/83222578;0156/5783127;heimtraudcordes@trashmail.none;nein
112;Frau;;Mariella;Höger;;Badstraße;145;77716;Haslach;07832/85315708;;mariella_hoeger@inter-mail.none;ja
113;Herr;;Ermenfried;Bönsch;;Marderstraße;15;21502;Hamwarde;04104/21453205;;ermenfriedboensch@funmail.none;nein
114;k.A.;;Arnfried;Ehrmann;;Küstriner Straße;126;25364;Brande-Hörnerkirchen;;;arnfried-1940@retromail.none;
115;k.A.;;Dankward;Sulzer;;Blanscheidstraße;113;32457;Porta Westfalica;05706/11832027;0166/2228703;;
116;Frau;;Belina;Henk;17.10.1955;Im Paradies;2;42399;Wuppertal;0202/61462305;0162/2747039;belina.henk@domain.none;
117;Frau;;Gerritdina;Koblitz;;Adolph-Kolping-Straße;64;23816;Neversdorf;04552/16293085;0151/3157553;;
118;Herr;;Adolph;Schlote;;Freudenberg;35;77756;Hausach;07831/42556852;0152/4738192;adolph.schlote@live-mail.none;
119;Herr;;Dietwalt;Goller;09.11.1909;Calmontstraße;142;54587;Birgel;;0166/2741446;dietwalt1909@company.none;
120;Frau;;Sophie;Kuhnle;;Remser Weg;138;35796;Weinbach;06471/79939295;;sophiekuhnle@retromail.none;
121;Herr;;Nicholas;Nill;;In der Limbach;82;24896;Treia;04626/21245028;0153/1721096;nicholas_1989@live-mail.none;
122;Herr;;Thassilo;Bachmann;;Herrenwiesenstraße;75;57629;Merkelbach;02662/14402989;;thassilo.bachmann@anymail.none;nein
123;Frau;;Adela;Karp;;Heckenstraße;90;64753;Brombachtal;06063/39193109;0176/4794500;adela.karp@company.none;
124;Herr;;Ludolf;Götte;;Im Mühlborn;120 a;16230;Melchow;;0174/2391699;l_goette@live-mail.none;
125;Frau;;Bernhilde;Christmann;17.06.1951;Gropiusstraße;87;56812;Valwig;02671/37646058;0158/8705399;bchristmann@web.none;
126;k.A.;;Mechthilde;Dengler;;Maarstraße;144;23972;Metelsdorf;;0157/5248143;m_dengler@inter-mail.none;nein
127;Herr;;Meinhard;Marino;;Oldenkottstraße;143;56357;Kasdorf;06772/88368745;0159/4181449;meinhard-14@company.none;
128;Frau;;Burghild;Hauswald;30.03.1981;Am Hang;27;25842;Bargum;04672/53589742;0158/3307532;b_81@spam-mail.none;
129;Herr;Prof. Dr. Dr.;Theo;Barrenbrügge;;Berghausener Straße;37;27628;Uthlede;04746/45293302;0153/7732031;theo_2003@live-mail.none;
130;Frau;;Ilsabe;Stölzle;28.07.2014;Obere Pfannstraße;22 a;50181;Bedburg;02272/11019851;;ilsabe_2014@bestmail.none;
131;Frau;;Monja;Knöchel;;Im Auengarten;10;34587;Felsberg;;;;
132;k.A.;;Lukas;Blaschke;;Im Hommershof;23;21401;Thomasburg;;0160/8377035;l_blaschke@email.none;
133;Frau;;Gisa;Pope;10.05.1905;In der Hilbach;162;46282;Dorsten;02362/60609137;0155/4221105;gisa05@trashmail.none;
134;k.A.;;Cordian;Döbler;21.03.1995;Berghäuser Straße;5;26624;Südbrookmerland;04942/52018051;0176/5856161;cordian_doebler@private.none;
135;Herr;;Vitus;Hagner;;Reyweg;98;94130;Obernzell;08591/80131664;0178/3406005;vitus_hagner@inter-mail.none;nein
136;Frau;;Irmentraut;Hack;14.02.1997;Forstweide;139;55444;Dörrebach;06724/19938745;0161/7767690;;
137;Frau;;Clotilde;Roy;;Am Dillchesberg;106;53127;Bonn;0228/71851612;;c_roy@retromail.none;
138;Frau;;Romy;Adelmann;08.02.2001;In der Wesch;119;24996;Ahneby;04637/84142484;0171/6022898;romy-adelmann@xyz.none;
139;Herr;;Ludger;Hüttl;11.02.1948;Zum Heckelchen;11;55595;Gebroth;;0155/4586412;l_huettl@kitty.none;
140;Frau;;Kim;Herbers;;Prachter Straße;127;82057;Icking;08178/43998649;0162/3393755;kim-herbers@funmail.none;
141;Frau;;Rosa;Wippich;;Stettiner Straße;196;87544;Blaichach;08321/44041566;;;
142;Herr;;Rupertus;Stokes;;Konrad-Adenauer-Straße;58;66894;Lambsborn;06372/88974756;0166/9533142;r.15@company.none;
143;Frau;;Margitte;Hegel;;Brunnengasse;108;88630;Pfullendorf;;;margitte.hegel@anymail.none;ja
144;Herr;;Ivo;Schmoll;;Flößerstraße;172;76327;Pfinztal;07240/52517529;;i-schmoll@retromail.none;
145;Frau;;Berna;Jahr;;Hahnestraße;5;56379;Oberwies;02604/92890557;;berna-jahr@open-mail.none;
146;Herr;;Gottlob;Steinhoff;;Ahle;169;09496;Pobershau;03735/78072513;0166/2950490;g.1919@open-mail.none;nein
147;k.A.;;Dörthe;Goertz;;Windmühlenberg;80;74629;Pfedelbach;07941/59331391;0170/7618121;doerthe70@open-mail.none;
148;Herr;;Gerhardt;Green;;Rosental;25c;85609;Aschheim;089/84258773;;g_green@live-mail.none;ja
149;Herr;;Melchior;Ballmann;10.09.1991;An der Alten Burg;36;54426;Neunkirchen;06504/87842511;0176/3187816;mballmann@private.none;
150;Frau;;Chantale;Handschuh;16.09.1965;Dorfstr;162;83564;Soyen;08071/56592414;;chantale.1965@spam-mail.none;nein
151;Herr;;Fridulf;Batz;;Flurstraße;69;27324;Eystrup;;0167/4981272;fridulf-batz@kitty.none;
152;Frau;;Dilara;Germann;;Kurfürstendamm;137;54675;Mettendorf;;0154/6662949;dilara-germann@funmail.none;
153;Herr;;Michel;Wilczek;;Gmünder Straße;107;20459;Hamburg;040/32100830;0174/5323398;;ja
154;Frau;;Mareike;Pilgram;;Olsdorf;97;49186;Bad Iburg;05403/21358989;0171/8497236;mareike-pilgram@spam-mail.none;ja
155;Frau;;Joelle;Carter;;Keilbecker Straße;17b;09119;Chemnitz;0371/76980743;0177/8681142;j_carter@private.none;
156;Frau;;Hannegret;Pöhlmann;;Kobbachstraße;164;39590;Heeren;03931/1647372;0154/4825595;hannegret.poehlmann@domain.none;ja
157;Herr;;Bodo;Fäth;;Silberstraße;195;63820;Elsenfeld;06022/63568399;0153/1393896;b_53@trashmail.none;
158;Frau;;Gerda;Armbrust;11.02.2003;Fronstraße;28;25813;Südermarsch;;0162/9835401;;ja
159;Frau;;Kläre;Gerst;;Boschstraße;121;88697;Bermatingen;07544/92108424;0152/7924267;k.gerst@xyz.none;
160;Herr;;Heidfried;Reinholz;;Erdinger Straße;124;21406;Melbeck;04134/30233044;0177/3500702;heidfried.reinholz@net-mail.none;
161;Herr;;Luca;Eckelt;;Friedenstraße;162;49459;Lembruch;05447/85411715;;luca.eckelt@goggle-mail.none;
162;Frau;;Desiree;Lechner;;Hinter den Zäunen;175;64859;Eppertshausen;06071/89773555;0158/5531202;desiree.1928@anymail.none;
163;Herr;;Hansludwig;Wilms;;Ober dem Garten;155;56412;Görgeshausen;02602/21904870;0174/1504934;hansludwig.1996@web.none;
164;Herr;;Giselher;Damerow;;Thöreyer Straße;100;53173;Bonn;0228/46600708;0164/3893919;g-damerow@xyz.none;
165;Herr;;Alwin;Nelles;;Markgrafenstraße;118;54552;Utzerath;06592/9161664;0150/1602000;alwin.nelles@goggle-mail.none;nein
166;Herr;;Carlo;Harwardt;05.10.1947;Zur Neumühle;43;24790;Schacht-Audorf;04331/75913188;;carlo_47@inter-mail.none;
167;Frau;;Sissy;Wienand;;Wilhelm-Hellge-Straße;155;24977;Westerholz;;0164/2602477;sissy-wienand@inter-mail.none;
168;Herr;;Alfons;Schöne;01.01.1970;Marktplatz;80 c;24876;Hollingstedt;04627/79737302;0154/9980181;alfons-schoene@mymail.none;ja
169;Herr;;Alfinus;Hammermeister;;Petersberg;26;25563;Wrist;;;alfinus_hammermeister@anymail.none;
170;Frau;;Marah;Fauser;;Im Pesch;196;29478;Höhbeck;05846/66993229;0174/4871910;m22@spam-mail.none;
171;Herr;;Ursus;Riediger;;Carl-Diem-Straße;98;67360;Lingenfeld;06344/37452268;0174/8376768;;
172;Frau;;Haralda;Beere;;Blumenrather Straße;89;47803;Krefeld;;;;
173;Frau;;Lilia;Zick;;Am Horn;198;40211;Düsseldorf;0211/32302497;0159/3632942;lilia.zick@quickmail.none;
174;Frau;;Petra;Mehring;;Lautenschlägerstraße;145;64732;Bad König;06063/46853008;0151/3398343;petra_mehring@spam-mail.none;
175;Herr;;Konradin;Domnick;;Düesbergweg;45;56820;Senheim-Senhals;02671/86395785;0170/4772117;k.domnick@net-mail.none;
176;Frau;;Genia;Helmes;;Moosweg;129;97996;Niederstetten;07932/17704496;0172/1998686;geniahelmes@xyz.none;ja
177;Frau;;Iris;Dudda;;Kirschborn;120;82294;Oberschweinbach;08145/72206959;0170/7982411;iris_69@kitty.none;ja
178;Frau;;Heimgard;Linne;;Ossenkampstiege;14;44289;Dortmund;;0171/6079888;;
179;Herr;;Dietolf;Büchler;;John-Brinckman-Straße;31;77963;Schwanau;07824/9141593;0161/9371591;d.buechler@bestmail.none;nein
180;Frau;;Marei;Eisenberg;29.03.2006;Fleckenbühler Weg;9;36275;Kirchheim;06625/30315897;0164/4949496;mareieisenberg@spam-mail.none;ja
181;Herr;;Louis;Waldow;16.11.1977;Unitasstraße;15;69434;Heddesbach;06272/44079153;0171/1781462;lwaldow@bestmail.none;
182;Frau;;Christina;McLaughlin;;Im Krummacker;87;24576;Weddelbrook;04192/82119037;0152/2769889;c-mclaughlin@net-mail.none;
183;Herr;;Erno;Landwirt;;Hardt;27;24399;Arnis;04642/48307804;0161/9581737;erno.landwirt@domain.none;
184;Herr;;Irmfried;Wilkening;;Flachskamp;177c;63879;Weibersbrunn;06094/22877599;0161/9293201;irmfried_1935@web.none;ja
185;Herr;;Valentin;Karsch;;In der Breitenwiese;191;33449;Langenberg;05248/21498653;;vkarsch@open-mail.none;ja
186;Frau;;Roselene;Haut;;Wiesengrund;161;70437;Stuttgart;0711/1613812;;roselene.68@trashmail.none;nein
187;Herr;;Rothmund;Nikolai;26.06.1969;Am Kirchholz;195;51375;Leverkusen;0214/58588251;0165/6711402;r-nikolai@domain.none;ja
188;Frau;;Gottfriede;Markovic;;Löhrstraße;150;63843;Niedernberg;06028/8166943;0175/7870957;g.markovic@kitty.none;
189;Herr;;Burkhardt;Rödl;;Igelweg;185;41748;Viersen;;0179/6362988;b.1917@hoster.none;
190;Frau;;Barbli;Coleman;;Twistedener Straße;83;49586;Neuenkirchen;05466/60472843;;barbli-coleman@validmail.none;
191;Frau;;Jenny;Knauf;;Kettelerstraße;24;63628;Bad Soden-Salmünster;06056/11464123;0159/3787361;;ja
192;Frau;;Sighilde;Harrison;;Elbinger Weg;40;79588;Efringen-Kirchen;07628/61852551;0175/1466448;s-harrison@justmail.none;
193;Frau;;Lenore;Löb;02.01.1926;Parkstraße;97;54314;Hentern;;0164/2137144;lenoreloeb@live-mail.none;ja
194;Frau;;Ursl;Johanning;;Ballersbacher Weg;135a;55291;Saulheim;06732/85107405;;ujohanning@validmail.none;
195;Frau;;Theobalda;Weiske;24.02.1990;Soetenkamp;77;23881;Niendorf;;0174/9520391;theobalda_weiske@mymail.none;ja
196;Frau;;Heidelind;Stolz;22.06.1944;Lenzstraße;142;33615;Bielefeld;0521/25717295;0174/3054143;;
197;k.A.;;Eckhart;Himmelmann;;Brühlweg;63;66706;Perl;06867/89099307;0150/7461641;eckhart-himmelmann@funmail.none;
198;Herr;;Godo;Dressel;18.04.2009;Holschbacher Straße;191c;40212;Düsseldorf;0211/69941968;0171/7762712;gdressel@open-mail.none;ja
199;Frau;;Gritta;Turek;;Frankfurt am Main;199;63667;Nidda;06043/42348571;0157/8622321;gritta_1930@justmail.none;
200;Frau;;Barbara;Herzberg;;Bierweg;39;15848;Beeskow;03366/69057633;;barbaraherzberg@mymail.none;nein
201;Frau;;Grete;Kutscher;;Böhmerwaldstraße;192;23683;Scharbeutz;04503/67633633;0176/6572477;;
202;Frau;;Bianca;Kroll;;Hülsstraße;31 c;69488;Birkenau;06201/25843685;0170/9558423;b-kroll@anymail.none;ja
203;Herr;;Emre;Brunkhorst;25.06.1994;Amselstraße;36;55469;Altweidelbach;06761/70091649;0172/3035546;e-brunkhorst@quickmail.none;
204;Frau;;Doreen;Lohrer;;Rotweinstraße;185a;57629;Mörsbach;02662/48548876;0167/5456535;;nein
205;k.A.;;Sibylla;Plöger;19.12.1998;Ostpreußenstraße;22;56587;Oberraden;02634/6776103;0166/7778718;sibyllaploeger@xyz.none;
206;Frau;;Riana;Klimm;;In Dangeln;23;58509;Lüdenscheid;;;r.38@quickmail.none;
207;Herr;;Raimond;Demmler;;Zinhainer Weg;86;66701;Beckingen;06835/57953508;0150/3796700;raimond.demmler@net-mail.none;
208;Frau;;Theres;King;;Im Großen Dorf;61;53520;Rodder;02691/68132154;0153/9873904;t-king@email.none;
209;Herr;;Theodor;Lohmüller;;Galgenstraße;160;38226;Salzgitter;;0158/9672562;t.lohmueller@ultramail.none;
210;Frau;;Donate;Köth;;Wuppertaler Straße;132;48739;Legden;02566/23966871;0155/2345272;donate.2009@mymail.none;
211;Herr;;Detmar;Kalinowski;;Vitusring;80b;56291;Hausbay;06747/48193636;;;nein
212;Herr;;Reinulf;Waldschmidt;15.02.1975;Petersberg;31;24361;Groß Wittensee;04356/9003767;0160/9410903;reinulfwaldschmidt@validmail.none;
213;Frau;;Barbara;Grüninger;;Eschlohner Straße;146;94110;Wegscheid;08592/47466127;0165/1189950;barbara.grueninger@mymail.none;
214;Frau;Dr.;Christella;Zimpel;;Balthasar-Neumann-Straße;186;78730;Lauterbach;;0150/1537554;;
215;Frau;;Burgunde;Rosenboom;16.07.1991;Oberer Sonnenhang;41;24229;Strande;04349/57239180;;b_91@live-mail.none;
216;Frau;;Damaris;Schwaab;;Am Südhang;128;49824;Emlichheim;;0152/6527917;damaris_schwaab@quickmail.none;
217;k.A.;;Eberhard;Seemann;;Voerder Straße;87;55592;Breitenheim;;0155/2860567;eseemann@company.none;
218;Herr;;Seppl;Stommel;05.07.1989;Weitefelder Garten;88;54472;Monzelfeld;06531/61679151;0154/3357454;s-stommel@domain.none;
219;Herr;;Wennemar;Fechter;;Josef-Suwelack-Weg;63;86745;Hohenaltheim;09081/33120821;;;
220;Herr;;Leonhard;Nebelung;;Hepperichstraße;177;61200;Wölfersheim;06036/55540585;0160/5102353;leonhard-1903@retromail.none;
221;Herr;;Can;Redemann;25.04.1964;Kastanienring;191;55411;Bingen am Rhein;06721/48523540;0162/1833403;can.redemann@domain.none;ja
222;Frau;;Siegharda;Hampel;;Schlick;126;19089;Bülow;03863/48661216;0153/6937794;s.hampel@ultramail.none;
223;Frau;;Alyssa;Horbach;;Hauer Heide;15;94424;Arnstorf;08723/6885858;0170/8715852;alyssa.horbach@spam-mail.none;
224;Herr;Prof.;Eduardt;Proft;;Am Dorn;83;82272;Moorenweis;08146/30984974;0176/1508388;e.proft@net-mail.none;nein
225;Frau;;Jolina;Matthes;;Behlesheck;53;67806;Bisterschied;06364/50958971;0156/9290076;;nein
226;Frau;;Evelyne;Ende;18.03.2007;Wochenendgebiet;167;54422;Züsch;06503/51536427;0153/4489028;evelyneende@quickmail.none;nein
227;k.A.;;Heimfrid;Kauth;;Siebenbürgenstraße;87;56370;Wasenbach;06432/75377000;;heimfridkauth@trashmail.none;
228;Frau;;Dorle;Janisch;;Uellendahler Straße;145;38302;Wolfenbüttel;05331/94335013;0153/9650620;dorle_janisch@hoster.none;ja
229;Herr;;Heiko;Stempfle;;Am Stollen;67;54316;Schöndorf;;0160/2035756;h.stempfle@goggle-mail.none;
230;Herr;;Tim;Klingebiel;;Rheinhöhe;109;78250;Tengen;07736/27497645;0163/6842252;t-klingebiel@web.none;
231;Herr;;Gismar;Markmann;;In der Steinhecke;37;47198;Homberg;02066/92730437;0174/3442582;gmarkmann@kitty.none;
232;Frau;;Sigune;Shelton;;Wiesenhof;152;54689;Reipeldingen;06550/56265424;0165/4559814;sigune-shelton@quickmail.none;
233;Herr;;Ludolf;Pantel;;Rhedung;177;38170;Schöppenstedt;05332/77174557;0177/4824051;;
234;k.A.;;Annehilde;Ulbrich;07.01.1949;Basselweg;143;86922;Sankt Ottilien;08193/99172255;;;ja
235;Frau;;Reinlinde;Colon;;Elzerhofstraße;34;57612;Isert;02681/93732534;;reinlindecolon@retromail.none;
236;Herr;;Randolph;Schwenzer;;Am Steinacker;136;72221;Haiterbach;07456/61375771;0164/7843720;r-schwenzer@quickmail.none;ja
237;Frau;;Emmaliese;Schilder;;Allensteiner Straße;47;21259;Otter;04182/56950555;;e_1947@web.none;ja
238;Herr;;Horst;Kaplan;13.06.1954;Hildesheimer Straße;137;23775;Großenbrode;;;h-1954@xyz.none;
239;Frau;;Nelli;Brauch;;Auf der Köhne;21;56479;Hellenhahn-Schellenberg;;;;
240;Herr;;Jo;Steffan;;Nürburger Weg;38;65399;Kiedrich;06123/91905093;0169/1883695;j-steffan@ultramail.none;
241;k.A.;;Monika;Wörmann;;Bachgasse;87;54533;Dierfeld;06572/95557781;0173/2044023;monika-woermann@kitty.none;nein
242;Herr;;Burghard;Sieler;;Friedrichstraße;162;71711;Steinheim an der Murr;07144/55475163;0165/5761957;;
243;Frau;Prof.;Gerhild;Bamberger;31.01.1988;Krokusstraße;114;47669;Wachtendonk;02836/72983147;;g_bamberger@bestmail.none;
244;Frau;;Jolina;Barker;;Winner Weg;150;56076;Koblenz am Rhein;0261/21063247;0153/6661672;j2016@spam-mail.none;
245;Frau;;Edelinde;Schönemann;;Bertramsweg;37;74924;Neckarbischofsheim;07263/38180448;0179/3173807;edelinde-schoenemann@quickmail.none;ja
246;Herr;;Herold;Klemann;;Siedenberger Straße;63;94259;Kirchberg;;0173/1505514;h1999@inter-mail.none;ja
247;Frau;;Annelene;Haberl;20.08.1962;Schlägel-und-Eisen-Straße;168;56865;Schauren;06542/38812499;0179/7579043;annelenehaberl@inter-mail.none;
248;k.A.;;Henri;Obermeier;17.02.1923;Pater-Delp-Straße;93;03205;Bolschwitz;;0174/7551214;henriobermeier@domain.none;
249;Herr;;Wiglaf;Pham;;Janningsweg;109;21684;Stade;04141/87970462;0175/3660289;wiglaf_pham@email.none;nein
250;Frau;;Amy;Mainka;;Auf dem Kamp;127;47647;Kerken;02833/82256658;0172/8757874;amymainka@kitty.none;
251;Herr;;Borwin;Tewes;;Dellegarten;133;25551;Schlotfeld;04826/74025970;;borwin.tewes@spam-mail.none;
252;Frau;;Helmtrud;Gnauck;;Habbeler Straße;93 c;67753;Reipoltskirchen;06304/69327691;0155/4583723;h.gnauck@trashmail.none;
253;Frau;;Mariola;Benedikt;03.07.1990;Gladbecker Straße;92;64380;Roßdorf;06154/84539025;0152/7479737;;nein
254;Frau;;Luitgart;Unterberg;;Torstraße;69;57258;Freudenberg;02734/70626614;0172/3060097;l.unterberg@private.none;
255;Frau;;Linn;Welch;;Bleichweg;43;29227;Celle;05141/81049117;0170/6709741;;nein
256;Frau;;Liebgard;Schnitker;30.10.1934;Eiserfelder Straße;136;44628;Herne;02323/64867653;0176/4495793;liebgard-schnitker@retromail.none;
257;Frau;;Irmgarda;Pelzer;;Moselweg;160;47166;Duisburg;;;i_1971@hoster.none;
258;Herr;;Gottwaldt;Baldus;;Horionstraße;8;50672;Köln;0221/26347349;0172/7604951;gottwaldtbaldus@hoster.none;
259;Frau;;Leopoldina;Sladek;;Vom-Stein-Straße;144;73660;Urbach;07181/56277160;;l_sladek@web.none;
260;Herr;;Elmar;Stamm;;Hainer Weg;7;67297;Marnheim;06352/15045428;0171/5646673;elmar-stamm@live-mail.none;
261;Frau;;Ariane;Laß;;Hölzerne Ecke;77;25746;Ostrohe;0481/86335931;;;
262;Frau;;Hannelene;Schröer;;Merseburger Straße;198;40668;Meerbusch;;0160/2364751;h_1943@goggle-mail.none;
263;Frau;;Sibyl;Träger;12.05.1950;Römerstraße;81;67271;Mertesheim;06359/63326969;0150/9705385;sibyl_1950@ultramail.none;
264;Frau;;Erika;Scheerer;12.09.2016;Hövelstraße;108;86934;Reichling;08194/5764184;0155/8034092;erika_scheerer@funmail.none;
265;Frau;;Lilian;Oelke;;Brehmacker;175;33106;Paderborn;05251/36165409;;;
266;Frau;Dr.;Emely;Martinez;;Ulrichstraße;42;84189;Wurmsham;08745/81508594;0150/5237672;emelymartinez@retromail.none;
267;Frau;;Carlotta;Remmert;09.07.1970;Bahnstraße;107;73560;Böbingen an der Rems;07173/50811494;;c_1970@open-mail.none;
268;k.A.;;Reinhardt;Brieden;;Heinrich-von-Gagern-Straße;62;21483;Krukow;;0177/8208591;reinhardt-brieden@net-mail.none;ja
269;Herr;;Emmeran;Lewin;;Angerstraße;117;56288;Alterkülz;;0161/9560009;elewin@trashmail.none;ja
270;Herr;;Ottobert;Parr;;Güstener Straße;88;32479;Hille;05703/42836956;0177/1113991;ottobert11@quickmail.none;ja
271;Frau;;Dorette;Neukirch;;Pestalozziring;116b;56589;Niederbreitbach;02638/30411244;0169/2880973;dorette_neukirch@anymail.none;
272;Frau;;Stina;Walton;;Waldemarstraße;125;55569;Nußbaum;06751/27397445;0152/7241468;s.walton@goggle-mail.none;
273;Frau;;Gunhild;Oetjen;;Gottfriedweg;180;89191;Nellingen;07337/31084340;0162/9020538;gunhild-1940@domain.none;
274;Frau;;Leandra;Rix;;Hohenfriedeberger Straße;43;37647;Polle;05535/62236757;0168/7738413;leandra-rix@anymail.none;
275;Frau;;Käthi;Grabner;;Heisterner Weg;24;23795;Schwissel;04552/16185425;0164/4301715;kaethi2000@quickmail.none;
276;Frau;;Runhild;Fowler;;Vor der Loos;199;67489;Kirrweiler;;;r.fowler@xyz.none;ja
277;Frau;;Richarda;Drexl;;Am Kurpark;17;38685;Langelsheim;05326/26207248;0160/3123002;richardadrexl@bestmail.none;ja
278;Herr;;Leander;Süss;;Schäferspesch;65;26203;Wardenburg;04407/12680708;0155/6734331;leander.suess@email.none;
279;Herr;;Gerdfried;Pfützner;;Zum Heidentempel;77;31595;Steyerberg;05764/88697493;0179/1772275;g.pfuetzner@bestmail.none;ja
280;Frau;;Linn;Stieger;;Kerkenberg;119;29475;Gorleben;05882/72424416;;linn1943@justmail.none;
281;Frau;;Wendelgard;Brzoska;;Düsterfeld;51;56729;Weiler;02651/98957418;0162/1852435;wendelgard_brzoska@xyz.none;ja
282;Herr;;Friedhold;Mahlberg;;Heroldstraße;75;52064;Aachen;0241/75449748;;f_mahlberg@private.none;ja
283;Herr;;Ekkehard;Schwer;;Ginsterheide;136;67705;Trippstadt;06306/90975848;0171/8276459;e_schwer@justmail.none;ja
284;Frau;;Mechtilde;Gohr;;Wuppermannstraße;36;35390;Gießen;0641/87703904;0154/1242331;;
285;Herr;;Helwig;Drexler;;Einsteinstraße;139;24329;Rantzau;04522/45741493;0176/1678925;helwig_drexler@spam-mail.none;
286;Frau;;Ivonne;Hupe;;Seilandstraße;14;94369;Rain;09429/82238680;0165/5422093;;nein
287;Frau;;Peggy;Herbers;;Höfchen;50;14471;Potsdam;0331/31037928;;peggy-herbers@email.none;ja
288;Herr;;Ingowart;Leinweber;;Seutenstraße;175;24649;Wiemersdorf;04192/41434426;0169/6808967;ingowart-leinweber@justmail.none;ja
289;Herr;;Pankraz;Sachs;;Riehenhaar;123;55758;Allenbach;06786/90481638;;pankraz-1916@spam-mail.none;ja
290;Herr;;Hildemar;Stempel;17.02.1918;Postenweg;110;60433;Frankfurt am Main;069/36014394;0159/1828185;h18@inter-mail.none;
291;Frau;;Ehrentraud;Laske;25.07.2012;Immelmannstraße;34;54552;Kradenbach;06592/68792230;0156/8855812;ehrentraud12@mymail.none;ja
292;Herr;;Friedhart;Haucke;;Oberlöh;149;21640;Bliedersdorf;04163/85825027;0175/3756150;;ja
293;Herr;;Finn;Gümüs;;Kälberbitze;120;25358;Sommerland;04126/28817952;0177/4449098;f_guemues@trashmail.none;nein
294;Herr;;Hieronimus;Plagemann;05.12.1976;Hepperichstraße;91;54314;Greimerath;06589/49143037;;h-plagemann@private.none;nein
295;Frau;;Heidrun;Ay;;Bleidenberger Weg;69;37181;Hardegsen;05505/49384789;0151/5770770;heidrunay@quickmail.none;ja
296;Herr;;Arno;Rinck;;Kissbergstraße;16c;88682;Salem;;;a.rinck@hoster.none;ja
297;Herr;;Hansotto;Küper;;Zum Kalkofen;66;23774;Heiligenhafen;04362/8402460;0179/4388410;h18@open-mail.none;
298;Herr;;Lewin;Schaffer;23.07.1920;Am Wiesbrunnen;99;56357;Oelsberg;06772/94357271;;lewin_schaffer@goggle-mail.none;
299;Frau;;Rotraut;Nußbaumer;;Birkhofstraße;182;39307;Schlagenthin;;;rotraut-nussbaumer@net-mail.none;
300;Frau;;Felicitas;Krisch;01.07.1974;Rüdesheimer Straße;4;17194;Vielist;03991/3094452;;fkrisch@retromail.none;
301;Frau;;Filippina;Engelmann;;Tiefurter Allee;63;24808;Jevenstedt;04337/44961126;0175/7839248;filippina-engelmann@email.none;ja
302;Frau;;Samira;Sack;;Werdohler Straße;113;42275;Wuppertal;0202/55002228;0155/9932502;samira.sack@net-mail.none;
303;Herr;;Brandolf;Prahl;26.04.1920;Eickener Straße;184;23898;Labenz;;0178/5391731;b_1920@spam-mail.none;
304;Frau;;Rosalie;Thome;24.09.1921;Zechenstraße;45 a;65606;Villmar;;;rosalie_1921@quickmail.none;
305;k.A.;;Nils;Lottmann;;Devensstraße;169;56564;Neuwied;02631/19422185;0152/9419713;nils-lottmann@funmail.none;ja
306;Frau;;Nina;Lier;15.11.1903;Havelstraße;154;31174;Schellerten;05123/21425223;0157/6359130;nina-03@kitty.none;ja
307;Frau;;Elsa;Krall;;Wagnerstraße;143;86480;Aletshausen;08282/60230148;;elsa-krall@retromail.none;ja
308;k.A.;;Frohmund;Höcker;;Hochkamerstraße;130;25887;Winnert;04841/92591687;0156/4105063;f-hoecker@xyz.none;ja
309;Frau;;Irmhild;Kramm;21.09.1992;Rosenhof;78;66793;Saarwellingen;06838/49001772;;irmhildkramm@company.none;
310;Herr;;Detrich;Heumann;;Auf der Glate;6;55777;Eckersweiler;06783/80245826;;detrichheumann@goggle-mail.none;ja
311;Frau;;Lysann;Küppers;;Am Hartzberg;178;47445;Moers;02841/74770417;;lysann1921@goggle-mail.none;
312;Herr;;Gebhart;Mahlstedt;26.11.1945;Auf Peschhelle;1;95362;Kupferberg;;;gebhart.mahlstedt@company.none;
313;Herr;Dr.;Warnfried;Eicher;;Holzbachstraße;69;76835;Flemlingen;06323/49593666;0170/4287328;w_eicher@email.none;ja
314;Herr;;Gotthelf;Hodapp;;Steinbachstraße;67;85410;Haag an der Amper;08167/50295105;;g.hodapp@email.none;
315;k.A.;;Reinar;Grimme;;Lünkerhohl;108;92447;Höfen;09675/91367850;;reinar-grimme@domain.none;
316;Frau;;Thusnelda;Reinbold;;Drosselweg;107;75059;Zaisenhausen;07258/39809145;0160/5791102;;ja
317;Herr;;Volkart;Lehmann;;Nachtigallenweg;75;95359;Kasendorf;09228/64764957;0162/7249518;volkart-1993@company.none;ja
318;Herr;;Albert;Falk;;Am Wimberg;38;71642;Ludwigsburg;07141/855291;;;
319;Herr;;Helmward;Goetze;;Kleine Schwerter Straße;128;90587;Veitsbronn;0911/50371498;;hgoetze@mymail.none;
320;Herr;;Quintus;Weigt;;Donnenstraße;161;48703;Stadtlohn;02563/45957922;;quintus_weigt@net-mail.none;ja
321;Herr;;Robert;Reuss;;Friedrich-Karl-Straße;24;42655;Solingen;0212/75155557;;;
322;Frau;;Adeltraud;Norden;;In der Oberwies;199;83256;Chiemsee;;0172/2078909;adeltraud-1988@open-mail.none;nein
323;Frau;;Nadja;Mang;18.11.1911;Schultenstraße;144;88499;Altheim;;0158/4655120;nadja-mang@web.none;
324;Frau;;Monica;Kreher;;Holthauser Straße;55;25563;Föhrden-Barl;04192/60718543;0152/5903624;monicakreher@net-mail.none;
325;Frau;;Heidelore;Konietzny;;Odenkirchener Straße;117;24321;Hohwacht;04381/14889497;0166/7103433;;
326;Herr;;Mike;Schedler;;Gutenbergstraße;51;63931;Kirchzell;;0150/1497676;mike_schedler@quickmail.none;
327;k.A.;;Carolin;Ruppenthal;;Baal;80;61118;Bad Vilbel;06101/58137563;0161/4553665;carolin82@web.none;
328;Frau;;Herwiga;Spaniol;;Wilhelm-Külz-Straße;200;55296;Lörzweiler;06135/75857450;0155/3851510;herwigaspaniol@xyz.none;
329;Frau;;Arabella;Goldberg;;Klingenhagener Straße;82;29410;Hansestadt Salzwedel;03901/12895228;0163/2778760;a.goldberg@live-mail.none;nein
330;Frau;;Fee;Ruppelt;;Strücken;38;25876;Ramstedt;;;f.ruppelt@live-mail.none;ja
331;k.A.;;Laurens;Schultz;;Schildstraße;197a;91802;Meinheim;09146/79069788;0166/9651989;laurens_schultz@inter-mail.none;ja
332;Herr;;Nic;Kind;;Hanauer Weg;24;67816;Standenbühl;06357/39512210;0179/9940833;nic_18@domain.none;
333;Frau;;Annegold;Daiber;04.04.2000;Thilhove;28;54612;Lasel;06551/7169008;;a_daiber@live-mail.none;nein
334;Herr;;Henrik;Pöschel;;Albertstraße;132;56295;Rüber;02654/94135890;0155/8523401;h_2006@xyz.none;
335;k.A.;;Berthold;Gerlinger;;Im Glockenschall;172;23909;Albsfelde;04541/63474025;;bertholdgerlinger@justmail.none;nein
336;Frau;;Marei;Thoma;;Am Bungert;2;40219;Düsseldorf;0211/52185903;0154/2392312;marei.thoma@web.none;ja
337;Frau;;Annegold;Theil;;Orsoyer Straße;41c;24598;Heidmühlen;;0163/7281750;annegoldtheil@company.none;ja
338;Herr;;Dominik;Ohnesorge;;Julie-Postel-Straße;27;39120;Magdeburg;;0157/7429739;d-ohnesorge@hoster.none;
339;Frau;;Eveline;Herre;08.02.1980;Hellenpfad;158;21481;Lauenburg;04153/27806387;0173/2915071;eveline-herre@justmail.none;
340;k.A.;;Henri;Schmiedel;25.03.1994;Schenkstraße;127;38368;Mariental;05357/48663764;0178/8192995;henrischmiedel@web.none;
341;Frau;;Amalia;Bornemann;;Untermarkstraße;200;67365;Schwegenheim;06344/67923124;0176/6210381;amaliabornemann@company.none;
342;Herr;;Ansbert;Schmidberger;;Sandkuhle;14;65326;Aarbergen;06120/23817190;0170/9946728;ansbertschmidberger@bestmail.none;
343;Frau;;Gertraude;Frommelt;;Schubertstraße;43;57612;Hemmelzen;02681/27668575;0165/1907050;;
344;Frau;;Burga;Coleman;;Horsterstraße;85;66589;Merchweiler;06825/71267124;0154/9782689;burga_10@hoster.none;ja
345;Frau;;Magdalene;Stolle;;Servatiusstraße;153;67808;Falkenstein;06302/91596283;0175/4568336;mstolle@web.none;
346;Frau;;Harda;Jungnickel;;Ringallee;53;59387;Ascheberg;02593/38630019;0151/5996063;h.jungnickel@mymail.none;
347;Frau;;Marielies;Gatz;;Schulweg;106;73252;Lenningen;;0156/4781825;marielies_gatz@hoster.none;
348;Herr;;Anton;Wenning;01.08.1979;Haderthalweg;102;56357;Bogel;;0156/2021984;awenning@mymail.none;
349;Frau;Dr.;Monika;Nentwig;;Am Lauterbach;154;73072;Donzdorf;07162/17911967;;m-nentwig@justmail.none;
350;Frau;;Annekäthe;Demirci;;Gertrudisstraße;90;23898;Lüchow;04536/47825251;0162/8992265;annekaethe.demirci@net-mail.none;
351;Herr;;Severin;Reinheimer;10.02.1953;Sayner Straße;130;25899;Bosbüll;04663/12986573;0150/6227102;severin-reinheimer@mymail.none;
352;Herr;;Hansjörn;Klapproth;;Alter Markt;85;55490;Woppenroth;06763/80203147;0168/2798185;hansjoern-klapproth@web.none;
353;Frau;;Kora;Lay;;Bernhardtstraße;33;51465;Bergisch Gladbach;02202/85674506;0178/2712432;kora.lay@net-mail.none;
354;Frau;;Birgitta;Lohse;;Rennbahnstraße;90 c;60314;Frankfurt am Main;069/17601767;0172/9124933;birgitta-lohse@quickmail.none;ja
355;Frau;;Reinhild;Dollinger;31.10.1947;Brucknerstraße;50;89250;Senden;;;reinhild.1947@private.none;
356;Frau;;Jasmin;Campbell;26.05.1936;Hohlbachweg;67;76751;Jockgrim;07271/75077778;0164/9579427;jasmin.campbell@validmail.none;
357;Frau;;Annebärbel;Wambach;10.08.1989;Martinsstraße;188;25836;Grothusenkoog;;0169/7880471;a.wambach@retromail.none;ja
358;Herr;;Vitalis;Biber;02.02.1931;Seeburger Straße;48;66996;Fischbach;06391/53035804;0175/5438977;vitalis.biber@xyz.none;
359;Frau;;Annkathrin;Engelking;;Merler Ring;117;29342;Wienhausen;;0160/2292440;annkathrin_engelking@inter-mail.none;ja
360;Herr;;Erk;Neufeld;;Bäderstraße;130;91161;Hilpoltstein;09174/93866586;0156/1180278;erk_neufeld@funmail.none;
361;Frau;;Gunda;Richards;;Briedener Weg;39;32758;Detmold;05231/47065978;;g.richards@inter-mail.none;
362;Frau;;Jeannine;Oehler;;Soetenkamp;19;53533;Dorsel;;;jeannine-1916@kitty.none;
363;k.A.;;Lindemarie;Sandra;;Bredenscheider Straße;190;26427;Moorweg;04971/36812867;;;ja
364;Herr;;Florentius;Eberwein;;Bergdahlsweg;92;49843;Getelo;05942/2258684;;;
365;Frau;;Berenike;Utz;;Rühlscherweg;1;85395;Wolfersdorf;;0176/4429009;butz@company.none;
366;Frau;;Hermine;Kieme;;Kemptener Straße;170;24582;Bissee;04322/59946424;;hermine.kieme@net-mail.none;
367;k.A.;Prof. Dr. Dr.;Irmgardt;Rebmann;08.06.1945;Hutteneichenweg;167;17219;Groß Flotow;03962/24832209;0158/3969311;irmgardt.rebmann@ultramail.none;ja
368;Herr;;Tiemo;Karatas;;Siedlungsweg;7;86709;Wolferstadt;;0174/1370122;tiemo_karatas@validmail.none;
369;Frau;;Gisa;Mettler;;Jan-de-Beyer-Straße;75;95447;Bayreuth;;;;
370;Herr;;Wiegbert;Sprengel;;Schulkamp;82;31707;Heeßen;05722/55359465;0166/7909264;wiegbert_1953@quickmail.none;
371;Herr;;Jeremie;Skiba;;Gustav-Werner-Straße;167;76698;Ubstadt-Weiher;07251/7233625;;j-2000@net-mail.none;ja
372;Herr;;Hildebert;Bruckmann;09.11.1972;Merschkamp;95;19089;Wessin;03863/11536597;0164/8800793;hildebert_bruckmann@net-mail.none;ja
373;k.A.;;Xenia;Kron;20.01.1989;Hochkamerstraße;137;27624;Kührstedt;;;xeniakron@open-mail.none;
374;k.A.;;Phil;Andre;;Stadtstiege;17;72818;Trochtelfingen;07124/86163823;;phil_andre@web.none;nein
375;k.A.;;Kristin;Klemke;;Winterbachstraße;152;31167;Bockenem;05067/39403212;;;
376;Frau;;Siska;Nowotny;;Ilsenstraße;29;10365;Berlin;030/74431565;0155/4370247;siska-94@xyz.none;ja
377;Frau;;Finnja;Bambach;;August-Wörner-Straße;112;35315;Homberg;06633/24776723;0168/1854544;;ja
378;Herr;;Trutz;Folger;;Am Haggarten;157;49688;Lastrup;04472/91108812;0178/1757852;trutzfolger@spam-mail.none;ja
379;Frau;;Hannelore;Lüders;;An der Brücke;190;91484;Sugenheim;09165/72552965;0165/5152825;hannelore_lueders@spam-mail.none;ja
380;Frau;;Cäzilie;Kring;05.03.1919;Kröver Straße;184;56346;Prath;06771/53442701;0167/9423769;caeziliekring@domain.none;nein
381;Herr;;Phil;Rosner;;Arnheimweg;174;66957;Vinningen;06331/59784995;0178/7373526;phil-08@trashmail.none;
382;Herr;;Götz;Mederer;;Preußenstraße;128;26524;Halbemond;;;g_mederer@trashmail.none;ja
383;Frau;;Sahra;König;31.05.1936;Böwingring;80;56290;Gödenroth;;;s_koenig@goggle-mail.none;
384;Herr;;Hansjürgen;Kulzer;18.09.1952;Steineckstraße;107;83607;Holzkirchen;08024/46780400;0152/8148984;hansjuergen-kulzer@open-mail.none;ja
385;Frau;;Nathalie;Paschen;16.03.1913;Kellereistraße;77;74592;Kirchberg an der Jagst;;0155/6901022;;
386;Frau;;Waldtraud;Thormann;;Im Freundsborn;34;45279;Essen;0201/49501937;0169/9357189;wthormann@validmail.none;
387;Frau;;Vanessa;Weiland;;Am Rott;105;66917;Biedershausen;06375/98212372;0167/7931613;vanessa-88@mymail.none;
388;Frau;;Hildburga;Stenz;;Nevigeser Straße;153;67659;Kaiserslautern;;0167/6940151;hildburgastenz@goggle-mail.none;ja
389;Frau;;Huldine;Richards;;Unter den Eichen;51;56856;Zell;06542/89374116;0165/7647434;huldine_richards@hoster.none;
390;Herr;;Danny;Musiol;;Gilgenborn;50;55597;Gumbsheim;06703/5699456;0165/5662063;dmusiol@quickmail.none;
391;Frau;;Hannetraud;Heeren;;Oehndorfstraße;56;56645;Nickenich;;0167/4868186;h_1980@bestmail.none;ja
392;Frau;;Frohlinde;Tiedtke;;Wachtendonker Straße;77;84567;Erlbach;08670/1271829;0153/5307785;;
393;Herr;;Maximillian;Rötzer;26.07.1998;Oesterberg;14;14163;Steglitz-Zehlendorf;;;maximillianroetzer@live-mail.none;
394;Herr;;Heiderich;Classen;;Augustenstraße;109;36132;Eiterfeld;06672/9082156;;heiderichclassen@validmail.none;
395;Herr;;Rutger;Ertel;;Gänsberg;82;57612;Ingelbach;02681/40040988;0150/6414259;rutger.ertel@mymail.none;ja
396;Herr;;Erik;Bischoff;28.09.1943;Osemundstraße;118;57234;Wilnsdorf;02739/21562976;0162/2133566;erik-bischoff@company.none;
397;Herr;;Irmo;Westermann;;Stotzheimer Straße;1;56295;Lonnig;02654/54146169;0150/8992826;;
398;Frau;;Aileen;Jaensch;;Windmühlenstraße;29;83254;Breitbrunn am Chiemsee;08054/88775085;0159/3156792;aileenjaensch@domain.none;nein
399;k.A.;;Annika;Höck;;Serkenroder Straße;109;59609;Anröchte;02947/26836353;0173/4267166;annika-hoeck@validmail.none;
400;Herr;;Leonhardt;Hilbert;03.09.1957;Bischof-Blum-Straße;161;63110;Rodgau;06106/95118212;;l57@retromail.none;ja
401;Frau;;Selin;Kahrs;;Garzweiler Allee;4;42859;Remscheid;02191/77516589;0155/2412993;selinkahrs@trashmail.none;
402;Frau;;Minna;Weil;;Heiligenstock;70;85665;Moosach;08091/1707516;0150/8068961;minnaweil@email.none;ja
403;Frau;;Reintraut;Siefert;;Malmedystraße;6;17498;Hinrichshagen;03834/62697701;0174/4030358;reintrautsiefert@domain.none;
404;Herr;;Herbert;Girke;;Hehler;53;35327;Ulrichstein;06645/79697740;0158/3840929;;ja
405;Herr;;Marfried;Witzel;25.01.1969;Am Kissel;179;49757;Vrees;;0176/4901548;marfried_witzel@open-mail.none;
406;Herr;;Wulf;Runde;31.01.2019;Gerstenkamp;5;72537;Mehrstetten;07381/73687268;;wulf.runde@xyz.none;
407;Herr;;Aron;Teller;24.05.2015;Reichswaldstraße;2;34388;Trendelburg;05675/31434605;0163/1522494;aronteller@validmail.none;ja
408;Herr;;Leon;Bautz;;Diefenauer Weg;116;66909;Hüffler;06383/44317324;0156/5363613;leon_42@validmail.none;
409;Herr;;Christhelm;Morina;;Am Ginsterhahn;169;55296;Harxheim;06135/3228752;0160/1261890;c_64@kitty.none;nein
410;k.A.;;Sigrid;Weigt;07.02.2017;Max-Reger-Straße;182;19069;Lübstorf;03867/88681450;0178/5086374;sweigt@goggle-mail.none;
411;Herr;;Dominik;Pfau;07.05.1932;An der Bundesstraße;17;86866;Mickhausen;;0158/8109142;dpfau@bestmail.none;
412;Frau;Dr.;Friedlind;Brust;;Holsteiner Straße;197;57562;Herdorf;02744/88604840;0179/5137145;friedlind.brust@justmail.none;ja
413;Herr;;Sepp;Welte;;Baumberger Straße;1;71144;Steinenbronn;07157/4197762;;sepp-welte@justmail.none;ja
414;Herr;;Freimuth;Böcher;;Im Weingarten;144;35091;Cölbe;06421/22619806;0171/7989770;freimuth-boecher@email.none;ja
415;k.A.;;Meinolf;Radmacher;;Im Sande;151;09456;Annaberg-Buchholz;03733/28355652;0178/1587229;meinolf.radmacher@domain.none;
416;Frau;;Liliane;Figueroa;;Holunderweg;77;75179;Pforzheim;07231/84892134;0169/6841534;lilianefigueroa@private.none;
417;k.A.;;Utz;Hartl;;An de Geest;164;06543;Stangerode;;0160/2182935;utz.hartl@validmail.none;
418;Frau;;Siegrun;Schranz;28.12.1990;Thiergartenstraße;36;26579;Baltrum;04939/27160270;0163/4900203;siegrun.schranz@xyz.none;
419;Herr;;Finn;Rosenberg;;Am Lindchen;64;54552;Üdersdorf;06596/44618694;0157/5039630;frosenberg@private.none;ja
420;Herr;;Tell;Scheuer;;Koloniestraße;133;79822;Titisee-Neustadt;;0169/6602357;tell_scheuer@open-mail.none;
421;Frau;;Janin;Niehoff;;Fuchsstraße;133;83454;Anger;08656/69491687;0154/4238292;j.niehoff@spam-mail.none;ja
422;Herr;;Erwin;Lamprecht;;Cochemer Straße;105;54534;Musweiler;06572/98595588;;erwinlamprecht@trashmail.none;
423;Frau;;Nadja;Degner;;Breede;81;21444;Vierhöfen;04172/89855843;0179/9632816;nadja_degner@quickmail.none;
424;Frau;Dr.;Roselene;Gartmann;23.08.2020;Görlitzer Straße;89 c;76889;Dierbach;06343/79904240;0174/2087579;roselene-gartmann@funmail.none;
425;Herr;;Randolph;Ruprecht;19.02.1959;Quellenstraße;87;54675;Nusbaum;06564/97576870;;r-ruprecht@open-mail.none;
426;Frau;;Friedburg;Radke;20.12.1907;Sebastianusstraße;130;71576;Burgstetten;;;friedburg-radke@inter-mail.none;ja
427;Frau;Dr.;Leonie;Tannert;;Wolfsberg;160;82166;Gräfelfing;089/44639846;0155/3989747;leonie_tannert@company.none;
428;Herr;;Manhold;Kettner;15.06.1906;Bahnhofsallee;153;54441;Kastel-Staadt;06581/98129637;0171/9908012;manholdkettner@mymail.none;
429;k.A.;;Lerke;Glaser;;Langemarckstraße;107;34292;Ahnatal;05609/46728484;0156/6120361;lerke.glaser@quickmail.none;ja
430;Herr;;Gustav;Reichling;;Im Enger;153;69214;Eppelheim;;0176/4143464;gustav_63@net-mail.none;ja
431;Herr;;Runfried;Klinkhammer;;Schwetzinger Straße;175;66909;Quirnbach;06383/65150243;0163/9546299;r.klinkhammer@live-mail.none;ja
432;k.A.;;Ekhard;Schau;;Lüderitzstraße;81;86483;Balzhausen;08281/59942547;;;ja
433;Frau;;Klementine;Schwarzmeier;;Würdinghauser Straße;142;26524;Halbemond;04931/21797507;0156/6084465;k.schwarzmeier@justmail.none;
434;Frau;Dr.;Effi;Wiesler;;Böddinghauser Weg;15;37194;Wahlsburg;;0154/9614049;effi-wiesler@xyz.none;
435;Frau;;Liselore;Hentschke;;In Steckenborn;198;37139;Adelebsen;05506/362629;0159/1980405;;
436;Frau;;Hilderose;Schäfers;;Engerstraße;11;30823;Garbsen;05131/98560678;0177/1744760;hilderose-schaefers@validmail.none;
437;Herr;;Englbert;Landwehr;;Hilchenbacher Straße;78;56357;Himmighofen;06772/3139208;;elandwehr@net-mail.none;ja
438;Herr;;Raimond;Engelmann;;Beethovenweg;70;29553;Bienenbüttel;;;raimondengelmann@inter-mail.none;
439;Frau;;Franziska;Thamm;19.12.1969;Wehrhölzchenstraße;90;25712;Hochdonn;04825/4295921;0168/2308405;;nein
440;Herr;;Welf;Kloss;;Billerbecker Straße;200;56843;Burg;06541/33726925;0174/4886572;welf_kloss@retromail.none;ja
441;Frau;;Theodolinde;Klimpel;;Rheinblicksiedlung;164;24899;Wohlde;;;theodolinde-1905@mymail.none;
442;Herr;;Freddy;Karatas;;Langenbacher Straße;34;55543;Bad Kreuznach;0671/30210472;0152/9415406;f.karatas@net-mail.none;
443;Frau;;Annetrude;Klamt;;Sohler Weg;131;74420;Oberrot;07977/75634727;0175/3002036;annetrude.klamt@live-mail.none;
444;Frau;;Ermelinde;Gleißner;;Auf dem Born;132;56294;Kalt;02654/84760872;0152/5222042;egleissner@funmail.none;ja
445;Frau;;Theodore;Krück;;Weiherstraße;155;71111;Waldenbuch;07157/44225630;0171/2357675;t_krueck@hoster.none;
446;Frau;;Theresia;Schmiedl;;Kolumbusstraße;123;78603;Renquishausen;07429/72214088;0165/5913649;theresia1939@bestmail.none;ja
447;Frau;;Isabella;Rieken;;Binnefeldstraße;20;91452;Wilhermsdorf;09102/65500911;0169/5350482;i-rieken@funmail.none;
448;Herr;;Jörgfried;Taschner;;Hachener Straße;4;38378;Warberg;05355/13380464;0157/2965814;j-taschner@validmail.none;
449;Frau;;Isabella;Schmaus;;Elsa-Brandström-Straße;115;56814;Illerich;;0158/2615330;i1954@quickmail.none;
450;Herr;Dr.;Abraham;Reynolds;;Giersberg;198;29587;Natendorf;;;;
451;k.A.;;Zoe;Pfeiler;07.06.2009;Dellenweg;102;31134;Hildesheim;05121/53226209;;zoepfeiler@ultramail.none;ja
452;Herr;;Knuth;Hädrich;;Kronprinzenstraße;161;55413;Weiler;06721/93376606;0170/7390431;knuth.haedrich@open-mail.none;ja
453;Herr;;Joschka;Kliche;;Werftstraße;144;29476;Gusborn;05865/78972038;0155/2240778;joschka.kliche@spam-mail.none;nein
454;Herr;;Ruben;Mehrtens;;Pennekamp;114;24888;Loit;04641/69219940;0172/4071771;ruben.mehrtens@email.none;ja
455;k.A.;;Dionys;Schmieder;;Bernshuck;15;37696;Marienmünster;05276/36016063;0168/7931360;;ja
456;Frau;;Berenike;Molter;21.02.1959;Bauernstraße;64;67547;Worms;06241/80858632;;berenikemolter@xyz.none;ja
457;Herr;;Meinold;Bieder;;Auf Lischeid;56;46487;Wesel am Rhein;0281/16397708;0153/6179282;;
458;Frau;;Albine;Wenz;;Wöste;51;67240;Bobenheim-Roxheim;06239/4094954;;;
459;Herr;;Falk;Octomedia;;Wieningen;77;95176;Konradsreuth;09292/49981377;0171/2198313;f_octomedia@bestmail.none;
460;Herr;;Andy;Ferreira;;Auf dem Acker;113;28215;Bremen;0421/96576713;0175/3005383;andyferreira@retromail.none;ja
461;Herr;;Albin;Sieling;;Karl-Schober-Straße;10 c;32699;Extertal;05262/61530059;0176/7575685;;
462;Frau;;Gerheide;Pfennig;;Hemfeld;21;54597;Reuth;06597/16821659;;g.1914@web.none;
463;Herr;;Roland;Pfleger;;Thomas-Mann-Straße;176;45138;Essen;;0156/4332811;roland-pfleger@net-mail.none;
464;Frau;;Sylvana;Seidlitz;;Sandkamp;12;55578;Gau-Weinheim;06732/72135859;0150/4577332;s2019@hoster.none;
465;Herr;;Simpert;Keim;;Regensburger Straße;196;79843;Löffingen;07654/18173059;0177/4014697;;
466;k.A.;;Philip;Hohenberger;;Eberhardstraße;169;40883;Ratingen;02102/7118565;0172/4438206;philip.hohenberger@funmail.none;
467;Herr;;Joschua;Gloger;;Gorch-Fock-Straße;39;29525;Uelzen;0581/94764664;;joschua-gloger@ultramail.none;
468;Herr;;Hannsjürgen;Hagl;;Auenweg;186;67724;Gehrweiler;06302/27515129;0151/9354043;h-hagl@anymail.none;
469;Herr;;Vollrath;Beutel;22.01.1977;Otternbuchtstraße;144;61389;Schmitten;06084/35560041;0159/1872260;v1977@web.none;nein
470;Herr;;Willhart;Dauth;;Segbachstraße;127;73575;Leinzell;07175/14426004;;willhart_dauth@spam-mail.none;ja
471;Herr;;Edelbert;Schießl;01.01.2006;Thienhausener Straße;52a;83410;Laufen;08682/53948832;;edelbertschiessl@retromail.none;
472;k.A.;;Anneros;Krumme;;Schulstraße;2;23909;Ratzeburg;04541/79095918;;a.krumme@spam-mail.none;
473;k.A.;;Juditha;Eschweiler;22.02.1972;Am Dickenstein;47;45663;Recklinghausen;02361/16310244;0171/4717194;j.1972@trashmail.none;
474;Frau;;Amy;Lucas;;Altfelder Straße;65;86690;Mertingen;;;a_83@net-mail.none;
475;Herr;;Engelbrecht;Diebel;29.11.1952;Nikolaus-Ehlen-Straße;185;66894;Gerhardsbrunn;06372/48496854;0151/7777518;e.diebel@retromail.none;nein
476;Frau;;Gitti;Bartels;;Adalbert-Stifter-Weg;182;88299;Leutkirch;07561/14625242;0156/8026704;gitti-49@company.none;ja
477;Frau;;Dagmar;Rahm;;Klappergasse;31;56729;Lind;;0162/1414296;;
478;Herr;;Gernod;Raabe;;Bachemer Straße;102;55776;Reichenbach;06783/11688700;0156/9710967;gernodraabe@validmail.none;
479;k.A.;;Oskar;Werther;;Axtbachtal;121;57368;Lennestadt;;0158/3661670;o2013@web.none;
480;Frau;;Constanze;Messing;;Beller Straße;169;69502;Hemsbach;06201/66407887;0166/7298582;;ja
481;Herr;Dr.;Raymund;Hanses;;Loburg;102;86836;Graben;08232/49123162;;raymund.19@spam-mail.none;ja
482;Frau;;Angela;Prieß;16.01.1938;Löwenstraße;154;67311;Tiefenthal;06351/17808168;0170/4489946;angela.priess@email.none;
483;Herr;;Just;Straßburger;29.09.1967;Ob dem Lahrtal;111;54673;Scheitenkorb;06564/72554132;0162/3330258;juststrassburger@inter-mail.none;ja
484;Frau;;Irmentraut;Bruening;26.06.1971;Limkerweg;116;27386;Bothel;04266/85141370;0162/4230181;i_1971@web.none;nein
485;k.A.;;Gunnar;Korinth;;Seydlitzstraße;77;66871;Haschbach am Remigiusberg;06381/85926228;;gunnar-korinth@funmail.none;ja
486;Herr;;Tankred;Sträter;;Rankestraße;68;66706;Perl;06867/71176528;0176/5925320;t.straeter@xyz.none;ja
487;Herr;Prof. Dr.;Florentius;Ilg;;Werningslebener Straße;177;54597;Hersdorf;06551/75583928;0152/8426105;;
488;Frau;;Wiltrudis;Finkenzeller;;Iserlohner Straße;72;63457;Hanau;06181/20187700;0162/9803559;wiltrudis-finkenzeller@kitty.none;
489;Herr;;Michel;Deike;;Alte Schule;143;24111;Kiel;0431/50968912;0177/1212328;michel.deike@net-mail.none;nein
490;Herr;;Ronald;Hager;;Brohltalstraße;128;73663;Berglen;07195/86900721;0169/1635025;ronald-hager@xyz.none;
491;Herr;;Ringo;Rehberger;;Gubener Straße;108;29690;Schwarmstedt;05071/88412890;0167/9224775;ringo.rehberger@spam-mail.none;
492;Herr;;Degenhard;Manske;28.11.1988;Tersteegenstraße;15;46514;Schermbeck;;0167/6683097;degenhard.manske@mymail.none;
493;k.A.;;Harald;Panzer;;Lämmerstraße;41;76694;Forst;;0171/6976988;harald_1931@funmail.none;
494;Herr;Dr.;Runald;Newman;;Zwischen den Hölzern;169;67258;Heßheim;06233/60402201;0177/9429406;r_newman@bestmail.none;
495;Herr;;Willhart;Loosen;;Holmichstraße;84;69412;Eberbach;;0158/4379766;willhart-1988@inter-mail.none;
496;Herr;;Philip;Schwarz;;Schliekhege;77;76889;Dörrenbach;06343/59041842;;philip-1995@kitty.none;
497;Frau;;Relindis;Wenderoth;;Jagdweg;135;52076;Aachen;;0167/3948167;relindiswenderoth@retromail.none;ja
498;Frau;;Ernstine;Feiler;;Oderstraße;131;84069;Schierling;09451/67660052;;;
499;Frau;;Mareen;Sucker;;Ulmenstraße;86;73114;Schlat;07161/54153065;0151/9505578;mareen_sucker@inter-mail.none;
500;Frau;;Bianka;Dankert;;Bornstraße;142;24972;Steinberg;04632/14360800;;bianka_dankert@web.none;
